"","mean_temp_AG","mean_temp_HB","mcse_temp_AG","mcse_temp_HB","rhat_temp_AG","rhat_temp_HB","ess_temp_AG","ess_temp_HB","eff_temp_AG","eff_temp_HB"
"1",85.8563191983484,84.3117748025396,1.92313969677411,1.6932986248597,1.03465791315814,1.01303819639271,152.145226693527,231.210424416717,0.219041007510149,0.0804140805999054
"2",NA,NA,NA,NA,NA,NA,NA,NA,NA,NA
