"","mean_temp_AG","mean_temp_HB","mean_temp_hybrid","mean_AG","mcse_temp_AG","mcse_temp_HB","mcse_temp_hybrid","mcse_AG","rhat_temp_AG","rhat_temp_HB","rhat_temp_hybrid","rhat_AG","ess_temp_AG","ess_temp_HB","ess_temp_hybrid","ess_AG","eff_temp_AG","eff_temp_HB","eff_temp_hybrid","eff_AG"
"1",-0.611294871794872,-0.429679487179487,0.0035256410256413,0.0022051282051282,0.403387326706376,0.452418948024559,0.423244371306245,0.00969928233859731,1.01898738670893,1.0092181607071,1.01575189609933,1.00105100233944,463.728051488753,398.014985105863,435.211517018916,810127.437343296,2.92753911875322,0.643272136061273,1.95395187541607,6109.23584232562
"2",74.9362307692308,81.0421282051282,76.9779230769231,76.2131282051282,2.17559652981277,2.58975918801052,2.10907346279892,2.23341858013285,1.00206053407822,1.00163649227721,1.00250808440001,1.00105100233944,2017.62920497834,1877.46938025081,2361.78717427952,2302.58794780035,12.7373972865135,3.03436750830461,10.6036221424639,17.363999998494
"3",148.768266902152,148.48131777008,148.382845076306,148.201346636602,0.12023963218164,0.139336272420067,0.121019461595293,0.138237830248867,1.00114889253387,1.00381108011255,1.00304313366604,1.00123649484807,2516.85668728824,1826.05015597898,2496.94201832991,2074.4403941449,15.8890461439137,2.95126371706631,11.2104214818121,15.643521036935
