"","mean_temp_AG","mean_temp_HB","mean_temp_hybrid","mean_AG","mcse_temp_AG","mcse_temp_HB","mcse_temp_hybrid","mcse_AG","rhat_temp_AG","rhat_temp_HB","rhat_temp_hybrid","rhat_AG","ess_temp_AG","ess_temp_HB","ess_temp_hybrid","ess_AG","eff_temp_AG","eff_temp_HB","eff_temp_hybrid","eff_AG"
"1",-1.75441025641026,-0.163833333333334,-1.37742307692308,0.00114102564102564,0.571649138204892,0.853035491778155,0.545057531936801,0.0109506320384939,1.03409642904174,1.06240953878494,1.03697404788782,1.27258453120856,214.403672967795,89.5741845510071,235.239617944343,810127.437343296,1.44475895019425,0.147114242744417,1.05614597656553,6093.42868683417
"2",71.2757435897436,57.9563846153846,71.7443846153846,97.1468974358974,5.34112778933126,4.03512330611351,8.1981689421022,31.7671791406289,1.03595472008166,1.01342052302901,1.0368463597118,1.27258453120856,257.746218194132,432.963540265658,148.143251033999,11.8412955774445,1.73682265075108,0.711087727802353,0.665112874702566,0.0890651110367306
"3",313.020802325189,313.410184704572,313.382955007286,313.032589481898,0.386167436277976,0.287624599901736,0.364752201888191,0.662404581494016,1.01074666389034,1.01138726071667,1.01555647047445,1.05833832345358,239.058813395558,278.222875412878,440.052682942886,50.4742182718049,1.61089759095651,0.456945802361532,1.97568706593018,0.379645269849828
