"","mean_temp_AG","mean_temp_HB","mean_temp_hybrid","mean_AG","mcse_temp_AG","mcse_temp_HB","mcse_temp_hybrid","mcse_AG","rhat_temp_AG","rhat_temp_HB","rhat_temp_hybrid","rhat_AG","ess_temp_AG","ess_temp_HB","ess_temp_hybrid","ess_AG","eff_temp_AG","eff_temp_HB","eff_temp_hybrid","eff_AG"
"1",0.170935897435897,-0.295474358974359,-0.230217948717949,0.0148076923076923,0.121744435767539,0.223452094032424,0.122661064542125,0.0122171821387972,1.00036264615935,1.00047033432099,1.00037437899258,1.00002416517172,8128.70593996198,2354.59365095618,7996.45939344835,810127.437343296,54.7752773900532,3.86712157824871,35.9013863776903,6093.42868683417
"2",120.416179487179,117.558230769231,120.255615384615,120.918692307692,0.986134455395229,1.87215084100953,0.991820027619303,1.01359890290161,1.00010328395671,1.00026327938053,1.0000817432756,1.00002416517172,34811.34414317,9176.15380356508,34520.3212313255,32031.1985095912,234.576210019926,15.0706693550648,154.984516200158,240.924840802935
"3",41.8283128717995,41.6963060526803,41.7643871808677,41.690696900442,0.0618102883865951,0.120679031190357,0.0596496373823141,0.0620729221522777,1.00019687652869,1.0007782389152,1.00026081154509,1.0003069007775,11134.5803082028,2970.24282726126,12050.9767257631,11099.661590459,75.0303590151137,4.87824730406284,54.1047919301196,83.4868605009282
