"","mean_temp_AG","mean_temp_HB","mean_temp_hybrid","mean_AG","mcse_temp_AG","mcse_temp_HB","mcse_temp_hybrid","mcse_AG","rhat_temp_AG","rhat_temp_HB","rhat_temp_hybrid","rhat_AG","ess_temp_AG","ess_temp_HB","ess_temp_hybrid","ess_AG","eff_temp_AG","eff_temp_HB","eff_temp_hybrid","eff_AG"
"1",-0.866038461538461,0.187576923076923,-2.6080641025641,-0.00333333333333334,0.681410729935744,0.801635611679534,0.684717338864885,0.00952005510285698,1.0191438847359,1.03579831431455,1.02964119377437,1.00685033171651,161.431009533544,114.086778710034,155.184848331796,810127.437343296,1.08780270708102,0.1873730711723,0.69672725462569,6093.42868683417
"2",74.4332564102564,72.9376666666667,77.1016153846154,73.4225641025641,2.38180686361881,2.25099490191817,3.34758546820196,3.23429136883482,1.00212026022167,1.00186305250218,1.00449109332427,1.00685033171651,1935.75374431427,1828.63685350738,1388.28655528181,1116.48676209537,13.0440747994562,3.00330421434183,6.2329350493496,8.39773120995976
"3",153.917937856046,153.756169965136,153.709708321474,153.823266120218,0.125444257158873,0.144888766695836,0.151913557228438,0.139355789484433,1.00151383276139,1.00034096007776,1.00141598045028,1.00217005556448,2289.34121966805,1660.75214147613,1649.59642454459,1852.97952225445,15.4267236721306,2.72757485769021,7.40612759859121,13.9373116580878
