"","mean_AG_potts","mean_HB","mean_AG_potts_lowrank","mcse_AG_potts","mcse_HB","mcse_AG_potts_lowrank","rhat_AG_potts","rhat_HB","rhat_AG_potts_lowrank","ess_AG_potts","ess_HB","ess_AG_potts_lowrank","eff_AG_potts","eff_HB","eff_AG_potts_lowrank"
"1",35.89692109375,35.64958359375,4.1313046875,0.231425768549635,0.816149758781176,0.0404748956815904,1.00077365968807,1.02386066493597,0.999937256337946,2190.50377203574,153.444401046196,13184.935969759,57.2231915369841,0.395006953215765,192.444294801849
"2",35.89692109375,35.64958359375,4.1313046875,0.231425768549635,0.816149758781176,0.0404748956815904,1.00077365968807,1.02386066493597,0.999937256337946,2190.50377203574,153.444401046196,13184.935969759,57.2231915369841,0.395006953215765,192.444294801849
