"","mean_AG_lr","mean_temp_AG_lr","mcse_AG_lr","mcse_temp_AG_lr","rhat_AG_lr","rhat_temp_AG_lr","ess_AG_lr","ess_temp_AG_lr","eff_AG_lr","eff_temp_AG_lr"
"1",-8.54906495169401,-8.56416557431537,0.0379427544204913,0.0368505864678755,1.00001237178619,1.00013770355455,50074.5866000877,53172.7042098821,34.2241504549732,2.45403110345304
"2",NA,NA,NA,NA,NA,NA,NA,NA,NA,NA
