"","mean_AG_lr","mean_temp_AG_lr","mcse_AG_lr","mcse_temp_AG_lr","rhat_AG_lr","rhat_temp_AG_lr","ess_AG_lr","ess_temp_AG_lr","eff_AG_lr","eff_temp_AG_lr"
"1",-6.98710863656893,-6.94624689082596,0.0209096107162528,0.0209350660769164,1.00004373813492,1.00006333440336,76015.2700665483,75431.0682749493,51.9536598556446,3.481300988243
"2",NA,NA,NA,NA,NA,NA,NA,NA,NA,NA
