"","mean_AG_lr","mean_temp_AG_lr","mcse_AG_lr","mcse_temp_AG_lr","rhat_AG_lr","rhat_temp_AG_lr","ess_AG_lr","ess_temp_AG_lr","eff_AG_lr","eff_temp_AG_lr"
"1",-8.97423414867904,-8.92636086225736,0.0837898147708587,0.0868110203981033,1.00004092294211,1.00010387329412,27285.5918519142,25390.131086213,18.6487051456011,1.17180745896194
"2",NA,NA,NA,NA,NA,NA,NA,NA,NA,NA
