"","mean_AG_lr","mean_temp_AG_lr","mcse_AG_lr","mcse_temp_AG_lr","rhat_AG_lr","rhat_temp_AG_lr","ess_AG_lr","ess_temp_AG_lr","eff_AG_lr","eff_temp_AG_lr"
"1",-9.07233064403056,-9.03483449255506,0.0706030101989248,0.0696133968458838,1.00007260557677,1.00010813454796,31286.01839986,32175.0656345302,21.3828505346461,1.48494632718164
"2",NA,NA,NA,NA,NA,NA,NA,NA,NA,NA
