"","mean_AG_lr","mean_temp_AG_lr","mcse_AG_lr","mcse_temp_AG_lr","rhat_AG_lr","rhat_temp_AG_lr","ess_AG_lr","ess_temp_AG_lr","eff_AG_lr","eff_temp_AG_lr"
"1",-3.83782113090133,-3.83857672716089,0.00885282186123801,0.00883937418901607,1.00003340060626,1.00004943721143,109108.063240772,107978.852930281,74.5713749376488,4.98344907492674
"2",NA,NA,NA,NA,NA,NA,NA,NA,NA,NA
