"","mean_AG_lr","mean_temp_AG_lr","mcse_AG_lr","mcse_temp_AG_lr","rhat_AG_lr","rhat_temp_AG_lr","ess_AG_lr","ess_temp_AG_lr","eff_AG_lr","eff_temp_AG_lr"
"1",-9.06669311615464,-9.18604935103606,0.0576080144206989,0.0585730567203843,1.00017141083316,1.00007138728336,37635.2384770644,36501.7915161934,25.7223104872441,1.68463374288662
"2",NA,NA,NA,NA,NA,NA,NA,NA,NA,NA
