"","mean_AG_lr","mean_temp_AG_lr","mcse_AG_lr","mcse_temp_AG_lr","rhat_AG_lr","rhat_temp_AG_lr","ess_AG_lr","ess_temp_AG_lr","eff_AG_lr","eff_temp_AG_lr"
"1",-8.89174401682628,-8.97674948725816,0.0482509576448271,0.046123294426791,1.00007567889901,1.00000716117886,41898.789449294,45131.0293564103,28.6362918069776,2.08289105128679
"2",NA,NA,NA,NA,NA,NA,NA,NA,NA,NA
