"","mean_AG_lr","mean_temp_AG_lr","mcse_AG_lr","mcse_temp_AG_lr","rhat_AG_lr","rhat_temp_AG_lr","ess_AG_lr","ess_temp_AG_lr","eff_AG_lr","eff_temp_AG_lr"
"1",-7.89192376981662,-7.92448694849626,0.0280511254617037,0.0282847590663859,1.0000689184708,1.00003743998443,64695.7816280476,63434.9723496857,44.2172030679633,2.92765616317631
"2",NA,NA,NA,NA,NA,NA,NA,NA,NA,NA
