"","mean_AG_lr","mean_temp_AG_lr","mcse_AG_lr","mcse_temp_AG_lr","rhat_AG_lr","rhat_temp_AG_lr","ess_AG_lr","ess_temp_AG_lr","eff_AG_lr","eff_temp_AG_lr"
"1",-5.64451263976638,-5.63091272845047,0.0145286170531075,0.0144534925616591,1.00001341475026,1.0000227146673,89526.1244662642,91115.5105435443,61.1878352157723,4.20517068303073
"2",NA,NA,NA,NA,NA,NA,NA,NA,NA,NA
