"","mean_AG_lr","mean_temp_AG_lr","mcse_AG_lr","mcse_temp_AG_lr","rhat_AG_lr","rhat_temp_AG_lr","ess_AG_lr","ess_temp_AG_lr","eff_AG_lr","eff_temp_AG_lr"
"1",-8.8232060239358,-8.6484229386497,0.119461748371054,0.117938106272497,1.0001449579778,1.00013930813395,19122.9288563953,19746.6486709001,13.0698232128765,0.911348985300289
"2",NA,NA,NA,NA,NA,NA,NA,NA,NA,NA
