"","mean_AG_lr","mean_temp_AG_lr","mcse_AG_lr","mcse_temp_AG_lr","rhat_AG_lr","rhat_temp_AG_lr","ess_AG_lr","ess_temp_AG_lr","eff_AG_lr","eff_temp_AG_lr"
"1",-9.01275023074573,-8.96898019728113,0.0993133024785943,0.0986672483569534,1.00008321866026,1.00018882797894,23358.9601897586,23459.9216133833,15.964995864881,1.08272426951559
"2",NA,NA,NA,NA,NA,NA,NA,NA,NA,NA
