"","mean_AG_lowrank","mcse_AG_lowrank","ess_AG_lowrank","eff_AG_lowrank"
"1",-1.1438,3.09008055887298,539.835607938556,197.452672984345
"2",4897.3848,122.065754522088,1737.04868780608,635.350653916662
"3",9.10075450980391,0.239344616709977,1740.55361970781,636.632633397909
