"","mean_AG_lowrank","mcse_AG_lowrank","ess_AG_lowrank","eff_AG_lowrank"
"1",0.2855,0.270650305369807,6905.48740311181,2402.74439917395
"2",505.6302,6.44652528807189,14138.1924708184,4919.34323975369
"3",0.244735490196078,0.00632012283144302,14172.9494737643,4931.43683855203
